{
	"AWSTemplateFormatVersion": "2010-09-09",
	"Resources": {
		"CircleciEc2Ami": {
				"Type": "AWS::IAM::ManagedPolicy",
				"Properties": {
					"ManagedPolicyName": "circleci-ec2-ami",
					"PolicyDocument": {
						"Version": "2012-10-17",
						"Statement": [
							{
								"Effect": "Allow",
								"Action": [
									"ec2:AttachVolume",
									"ec2:AuthorizeSecurityGroupIngress",
									"ec2:CopyImage",
									"ec2:CreateImage",
									"ec2:CreateKeypair",
									"ec2:CreateSecurityGroup",
									"ec2:CreateSnapshot",
									"ec2:CreateTags",
									"ec2:CreateVolume",
									"ec2:DeleteKeyPair",
									"ec2:DeleteSecurityGroup",
									"ec2:DeleteSnapshot",
									"ec2:DeleteVolume",
									"ec2:DeregisterImage",
									"ec2:DescribeImageAttribute",
									"ec2:DescribeImages",
									"ec2:DescribeInstances",
									"ec2:DescribeInstanceStatus",
									"ec2:DescribeRegions",
									"ec2:DescribeSecurityGroups",
									"ec2:DescribeSnapshots",
									"ec2:DescribeSubnets",
									"ec2:DescribeTags",
									"ec2:DescribeVolumes",
									"ec2:DetachVolume",
									"ec2:GetPasswordData",
									"ec2:ModifyImageAttribute",
									"ec2:ModifyInstanceAttribute",
									"ec2:ModifySnapshotAttribute",
									"ec2:RegisterImage",
									"ec2:RunInstances",
									"ec2:StopInstances",
									"ec2:TerminateInstances"
								],
								"Resource": "*"
							}
						]
					},
					"Users": ["circleci"]
				}
			}
		},
		"Parameters": {
			"DomainName": {
				"Type": "String",
				"Default": "csye6225-fall2019-default.me"
			},
    		"S3AppZipKey": {
      			"Type": "String",
      			"Default": "csye6225-reset-email-service.zip"
    		},
    		"LambdaFuntionName": {
      			"Type": "String",
      			"Default": "default-name"
    		},
    		"LambdaFuntionHandlerName": {
      			"Type": "String",
      			"Default": "default-handler"
    		},
    		"LambdaFuntionRuntime": {
      			"Type": "String",
      			"Default": "default-runtime"
    		}
		}
}
