{
  "agent": {
    "metrics_collection_interval": 10,
    "region": "us-east-1",
    "logfile": "/var/logs/amazon-cloudwatch-agent.log",
    "debug": true
  },
  "logs": {
    "logs_collected": {
      "files": {
        "collect_list": [
          {
            "file_path": "/webapp/node_logs/*.log",
            "log_group_name": "csye6225_spring2019",
            "log_stream_name": "webapp",
            "timestamp_format": "%H:%M:%S %y %b %-d"
          }
        ]
      }
    },
    "log_stream_name": "cloudwatch_log_stream"
  },
  "metrics":{
    "metrics_collected":{
      "statsd":{
        "service_address":":8125",
        "metrics_collection_interval":5,
        "metrics_aggregation_interval":10
      }
    }
  }
}
